Code,Name,Product Information,Price,Saving Price,Review Count
1838413,"OnePlus Nord CE 3 Lite Chromatic Grey 6.72"" 128GB 5G Unlocked & SIM Free Smartphone","Android 13 Operating System
Screen: 6.72 inches
Storage: 128GB
Triple 108, 2 and 2 Megapixel Rear camera",£249.00,£40,1
1838412,"OnePlus Nord CE 3 Lite Pastel Lime 6.72"" 128GB 5G Unlocked & SIM Free","Android 13 Operating System
Screen: 6.72 inches
Storage: 128GB
Triple 108, 2 and 2 Megapixel Rear camera",£249.00,£40,0
1656819,"Alcatel 1 2021 Volcano Black 5"" 8GB 4G Unlocked & SIM Free Smartphone","Android 11 Operating System
Screen: 5 Inches
Storage: 8GB
5 Megapixel Rear camera",£79.00,0,0
1828876,"Samsung Galaxy A34 Awesome Black 6.6"" 128GB 5G Unlocked & SIM Free Smartphone","Android 13 Operating System
Screen: 6.6 Inches
Storage: 128GB
Triple 48, 8 and 5 Megapixel Rear camera",£299.00,£80,0
1828334,"Samsung Galaxy A14 4G Black 6.6"" 64GB 4G Unlocked & SIM Free Smartphone","Android 13 Operating System
Screen: 6.6 Inches
Storage: 64GB
Triple 50, 5 and 2 Megapixel Rear camera",£139.00,£40,0
1817982,"Samsung Galaxy S23 Phantom Black 6.1"" 256GB 5G Unlocked & SIM Free Smartphone","Android 13 Operating System
Screen: 6.1 Inches
Storage: 256GB
Triple 12, 50 and 10 Megapixel Rear camera",£749.00,£150,3
1560476,"Samsung Galaxy XCover 5 Black 5.3"" 64GB 4G Unlocked & SIM Free Smartphone","Android 11 Operating System
Screen: 5.3 Inches
Storage: 64GB
16 Megapixel Rear camera",£219.00,£50,0
1839637,"Google Pixel 7a Charcoal 6.1"" 128GB 5G Unlocked & SIM Free Smartphone","Android 13 Operating System
Screen: 6.1 Inches
Storage: 128GB
Dual 64 and 13 Megapixel Rear camera",£399.00,£100,0
1864930,"Fairphone 5 Transparent 6.46"" 256GB 5G Unlocked & SIM Free Smartphone","Android 13 Operating System
Screen: 6.46 Inches
Storage: 256GB
Dual 50 Megapixel Rear camera",£619.00,0,0
1828336,"Samsung Galaxy A14 5G Awesome Black  6.6"" 64GB 5G Unlocked & SIM Free Smartphone","Android 13 Operating System
Screen: 6.6 Inches
Storage: 64GB
Triple 50, 2 and 2 Megapixel Rear camera",£199.00,£20,2
1818783,"Samsung Galaxy S23 Ultra Phantom Black 6.8"" 512GB 5G Unlocked & SIM Free Smartphone","Android 13 Operating System
Screen: 6.8 Inches
Storage: 512GB
Quadruple 12, 200, 10 and 10 Megapixel Rear camera",£1099.00,£300,2
1700482,"Samsung Galaxy S22 Phantom Black 6.1"" 128GB 5G Unlocked & SIM Free Smartphone","Android 12 Operating System
Screen: 6.1 Inches
Storage: 128GB
Triple 12, 50 and 10 Megapixel Rear camera",£549.00,£220,10
1828877,"Samsung Galaxy A34 Awesome Silver 6.6"" 128GB 5G Unlocked & SIM Free Smartphone","Android 13 Operating System
Screen: 6.6 Inches
Storage: 128GB
Triple 48, 8 and 5 Megapixel Rear camera",£299.00,£80,2
1864931,"Fairphone 5 Matte Black 6.46"" 256GB 5G Unlocked & SIM Free Smartphone","Android 13 Operating System
Screen: 6.46 Inches
Storage: 256GB
Dual 50 Megapixel Rear camera",£619.00,0,0
1828337,"Samsung Galaxy A34 Awesome Violet 6.6"" 128GB 5G Unlocked & SIM Free Smartphone","Android 13 Operating System
Screen: 6.6 Inches
Storage: 128GB
Triple 48, 8 and 5 Megapixel Rear camera",£299.00,£80,0
1818768,"Samsung Galaxy S23 Green 6.1"" 256GB 5G Unlocked & SIM Free Smartphone","Android 13 Operating System
Screen: 6.1 Inches
Storage: 256GB
Triple 12, 50 and 10 Megapixel Rear camera",£749.00,£150,0
1781572,"Samsung Galaxy A23 5G Awesome Black 6.6"" 64GB 5G Unlocked & SIM Free Smartphone","Android 12 Operating System
Screen: 6.6 Inches
Storage: 64GB
Quadruple 50, 5, 2 and 2 Megapixel Rear camera",£229.00,£70,0
1784648,"Google Pixel 7 Pro Obsidian Black 6.7"" 128GB 5G Unlocked & SIM Free Smartphone","Android 13 Operating System
Screen: 6.7 Inches
Storage: 128GB
Triple 50, 12 and 48 Megapixel Rear camera",£749.00,£100,1
1829080,"Samsung Galaxy A14 4G Awesome Lime  6.6"" 64GB 4G Unlocked & SIM Free Smartphone","Android 13 Operating System
Screen: 6.6 Inches
Storage: 64GB
Triple 50, 5 and 2 Megapixel Rear camera",£139.00,£40,1
1817981,"Samsung Galaxy S23 Phantom Black 6.1"" 128GB 5G Unlocked & SIM Free Smartphone","Android 13 Operating System
Screen: 6.1 Inches
Storage: 128GB
Triple 12, 50 and 10 Megapixel Rear camera",£699.00,£150,0
1778320,"Apple iPhone 14 Midnight 6.1"" 128GB 5G Unlocked & SIM Free Smartphone","iOS 16 Operating System
Screen: 6.1 Inches
Storage: 128GB
Dual 12 Megapixel Rear camera",£758.97,£90,1
1700481,"Samsung Galaxy S22 Phantom White 6.1"" 128GB 5G Unlocked & SIM Free Smartphone","Android 12 Operating System
Screen: 6.1 Inches
Storage: 128GB
10 Megapixel Rear camera",£549.00,£220,2
1823997,"CAT S75 Black 6.6"" 128GB 5G Unlocked & SIM Free Smartphone","Android 12 Operating System
Screen: 6.6 Inches
Storage: 128GB
Triple 50, 8 and 2 Megapixel Rear camera",£469.00,£80,1
1836741,"OnePlus 9 Pro Morning Mist 6.7"" 128GB 8GB 5G Unlocked & SIM Free Smartphone","Android 11 Operating System
Screen: 6.7 Inches
Storage: 128GB
Quadruple 48, 50, 8 and 2 Megapixel Rear camera",£389.00,0,1
1781428,"Samsung Galaxy A04s 4G Black Beauty 6.5"" 32GB 4G Unlocked & SIM Free Smartphone","Android 12 Operating System
Screen: 6.5 Inches
Storage: 32GB
Triple 50, 2 and 2 Megapixel Rear camera",£119.00,£60,0
1713810,"Samsung Galaxy A53 5G Awesome Black 6.5"" 128GB 5G Unlocked & SIM Free Smartphone","Android 12 Operating System
Screen: 6.5 Inches
Storage: 128GB
Quadruple 64, 12, 5 and 5 Megapixel Rear camera",£329.00,£70,0
1818769,"Samsung Galaxy S23 Lavender 6.1"" 256GB 5G Unlocked & SIM Free Smartphone","Android 13 Operating System
Screen: 6.1 Inches
Storage: 256GB
Triple 12, 50 and 10 Megapixel Rear camera",£749.00,£150,2
1818779,"Samsung Galaxy S23 Ultra Phantom Black 6.8"" 256GB 5G Unlocked & SIM Free Smartphone","Android 13 Operating System
Screen: 6.8 Inches
Storage: 256GB
Quadruple 12, 200, 10 and 10 Megapixel Rear camera",£999.00,£250,1
1829081,"Samsung Galaxy A14 4G Awesome Silver  6.6"" 64GB 4G Unlocked & SIM Free Smartphone","Android 13 Operating System
Screen: 6.6 Inches
Storage: 64GB
Triple 50, 5 and 2 Megapixel Rear camera",£139.00,£40,1
1828880,"Samsung Galaxy A54 Awesome Black 6.4"" 128GB 5G Unlocked & SIM Free Smartphone","Android 13 Operating System
Screen: 6.4 Inches
Storage: 128GB
Triple 50, 12 and 5 Megapixel Rear camera",£399.00,£50,0
1828339,"Samsung Galaxy A34 Awesome Black 6.6"" 256GB 5G Unlocked & SIM Free Smartphone","Android 13 Operating System
Screen: 6.6 Inches
Storage: 256GB
Triple 48, 8 and 5 Megapixel Rear camera",£339.00,£60,0
1828875,"Samsung Galaxy A34 Awesome Lime 6.6"" 128GB 5G Unlocked & SIM Free Smartphone","Android 13 Operating System
Screen: 6.6 Inches
Storage: 128GB
Triple 48, 8 and 5 Megapixel Rear camera",£299.00,£80,2
1503492,"CAT S62 Pro Black 5.7"" 128GB 4G IP68 Dual SIM Unlocked & SIM Free Smartphone","Android 10 Operating System
Screen: 5.7 Inches
Storage: 128GB
Dual 12 Megapixel Rear camera",£519.00,0,0
1748898,"Samsung Galaxy A13 V2 Black 6.6"" 64GB 4G Unlocked & SIM Free Smartphone","Android 12 Operating System
Screen: 6.6 Inches
Storage: 64GB
Quadruple 50, 5, 2 and 2 Megapixel Rear camera",£159.00,£10,24
1829082,"Samsung Galaxy A14 5G Awesome Silver  6.6"" 64GB 5G Unlocked & SIM Free Smartphone","Android 13 Operating System
Screen: 6.6 Inches
Storage: 64GB
Triple 50, 2 and 2 Megapixel Rear camera",£199.00,£20,1
1828335,"Samsung Galaxy A14 5G Awesome Lime 6.6"" 64GB 5G Unlocked & SIM Free Smartphone","Android 13 Operating System
Screen: 6.6 Inches
Storage: 64GB
Triple 50, 2 and 2 Megapixel Rear camera",£199.00,£20,0
1818780,"Samsung Galaxy S23 Ultra Green 6.8"" 256GB 5G Unlocked & SIM Free Smartphone","Android 13 Operating System
Screen: 6.8 Inches
Storage: 256GB
Quadruple 12, 200, 10 and 10 Megapixel Rear camera",£999.00,£250,1062
1818765,"Samsung Galaxy S23 Green 6.1"" 128GB 5G Unlocked & SIM Free Smartphone","Android 13 Operating System
Screen: 6.1 Inches
Storage: 128GB
Triple 12, 50 and 10 Megapixel Rear camera",£699.00,£150,0
1866898,"CAT S22 Flip Black 2.8"" 16GB 4G Unlocked & SIM Free Smartphone","Android 11 Operating System
Screen: 2.8 Inches
Storage: 16GB
5 Megapixel Rear camera",£89.00,0,0
1784646,"Google Pixel 7 Obsidian Black 6.3"" 128GB 5G Unlocked & SIM Free Smartphone","Android 13 Operating System
Screen: 6.3 Inches
Storage: 128GB
Dual 50 and 12 Megapixel Rear camera",£499.00,£100,3
1744505,"Samsung Galaxy Xcover 6 Pro 6.6"" 128GB 5G Unlocked & SIM Free Smartphone","Android 12 Operating System
Screen: 6.6 Inches
Storage: 128GB
Dual 50 and 8 Megapixel Rear camera",£568.97,0,0
1715231,"Realme C31 Light Silver 6.5"" 64GB 4GB 4G Unlocked & SIM Free Smartphone ","Android 11 Operating System
Screen: 6.5 Inches
Storage: 64GB
Triple 13, 2 and 0.3 Megapixel Rear camera",£94.00,£35,1
1713809,"Samsung Galaxy A53 5G Awesome Blue 6.5"" 128GB 5G Unlocked & SIM Free Smartphone","Android 12 Operating System
Screen: 6.5 Inches
Storage: 128GB
Quadruple 64, 12, 5 and 5 Megapixel Rear camera",£329.00,£70,0
1811651,"OPPO Find X5 Pro Ceramic White 6.7"" 256GB 5G Unlocked & SIM Free Smartphone","Android 12 Operating System
Screen: 6.7 Inches
Storage: 256GB
Triple 50, 50 and 13 Megapixel Rear camera",£599.00,£400,13
1818766,"Samsung Galaxy S23 Lavender 6.1"" 128GB 5G Unlocked & SIM Free Smartphone","Android 13 Operating System
Screen: 6.1 Inches
Storage: 128GB
Triple 12, 50 and 10 Megapixel Rear camera",£699.00,£150,0
1781573,"Samsung Galaxy A23 5G Awesome Blue 6.6"" 64GB 5G Unlocked & SIM Free Smartphone","Android 12 Operating System
Screen: 6.6 Inches
Storage: 64GB
Quadruple 50, 5, 2 and 2 Megapixel Rear camera",£229.00,£70,5
1778370,"Apple iPhone 14 Pro Max Space Black 6.7"" 256GB 5G Unlocked & SIM Free Smartphone","iOS 16 Operating System
Screen: 6.1 Inches
Storage: 256GB
Triple 48, 12 and 12 Megapixel Rear camera",£1298.97,£110,0
1781571,"Samsung Galaxy A13 5G White 6.5"" 64GB 5G Unlocked & SIM Free Smartphone","Android 11 Operating System
Screen: 6.5 Inches
Storage: 64GB
Triple 50, 2 and 2 Megapixel Rear camera",£169.00,£50,0
1818770,"Samsung Galaxy S23+ Cream 6.6"" 256GB 5G Unlocked & SIM Free Smartphone","Android 13 Operating System
Screen: 6.6 Inches
Storage: 256GB
Triple 12, 50 and 10 Megapixel Rear camera",£879.00,£170,30
1818784,"Samsung Galaxy S23 Ultra Green 6.8"" 512GB 5G Unlocked & SIM Free Smartphone","Android 13 Operating System
Screen: 6.8 Inches
Storage: 512GB
Quadruple 12, 200, 10 and 10 Megapixel Rear camera",£1099.00,£300,0
1828340,"Samsung Galaxy A54 Awesome Black 6.4"" 256GB 5G Unlocked & SIM Free Smartphone","Android 13 Operating System
Screen: 6.4 Inches
Storage: 256GB
Triple 50, 12 and 5 Megapixel Rear camera",£449.00,£50,0
1700483,"Samsung Galaxy S22 Green 6.1"" 128GB 5G Unlocked & SIM Free Smartphone","Android 12 Operating System
Screen: 6.1 Inches
Storage: 128GB
10 Megapixel Rear camera",£549.00,£220,2
1524046,"Apple iPhone 11 Slim Pack Black 6.1"" 64GB 4G Unlocked & SIM Free Smartphone","iOS 13 Operating System
Screen: 6.1 Inches
Storage: 64GB
Dual 12 Megapixel Rear camera",£449.00,0,4
1832167,"OPPO A77 5G Ocean Blue 6.56"" 64GB 5G Unlocked & SIM Free Smartphone","Android 12 Operating System
Screen: 6.56 Inches
Storage: 64GB
Dual 48 and 2 Megapixel Rear camera",£149.00,£100,0
1522230,"Apple iPhone 12 Black 6.1"" 128GB 5G Unlocked & SIM Free Smartphone","iOS 14 Operating System
Screen: 6.1 Inches
Storage: 128GB
Dual 12 Megapixel Rear camera",£638.97,£60,0
1688743,"Samsung Galaxy S21 FE Graphite 6.4"" 128GB 5G Unlocked & SIM Free Smartphone","Android 12 Operating System
Screen: 6.4 Inches
Storage: 128GB
Triple 12, 8 and 12 Megapixel Rear camera",£469.00,£230,9
1718909,"Samsung Galaxy A33 5G Awesome Black 6.4"" 128GB 5G Unlocked & SIM Free Smartphone","Android 12 Operating System
Screen: 6.4 Inches
Storage: 128GB
Quadruple 48, 8, 5 and 2 Megapixel Rear camera",£279.00,£40,0
1828879,"Samsung Galaxy A54 Awesome Violet 6.4"" 128GB 5G Unlocked & SIM Free Smartphone","Android 13 Operating System
Screen: 6.4 Inches
Storage: 128GB
Triple 50, 12 and 5 Megapixel Rear camera",£399.00,£50,1
1778374,"Apple iPhone 14 Pro Max Space Black 6.7"" 512GB 5G Unlocked & SIM Free Smartphone","iOS 16 Operating System
Screen: 6.1 Inches
Storage: 512GB
Triple 48, 12 and 12 Megapixel Rear camera",£1285.97,£343,0
1818771,"Samsung Galaxy S23+ Phantom Black 6.6"" 256GB 5G Unlocked & SIM Free Smartphone","Android 13 Operating System
Screen: 6.6 Inches
Storage: 256GB
Triple 12, 50 and 10 Megapixel Rear camera",£879.00,£170,0
1700502,"Samsung Galaxy S22 Ultra Phantom Black 6.8"" 256GB 5G Unlocked & SIM Free Smartphone","Android 12 Operating System
Screen: 6.8 Inches
Storage: 256GB
Quadruple 12, 108, 10 and 10 Megapixel Rear camera",£849.00,£400,0
1579048,"CAT S42 H+ Black 5.5"" 32GB 4G Unlocked & SIM Free Smartphone","Android 10 Operating System
Screen: 5.5 Inches
Storage: 32GB
13 Megapixel Rear camera",£189.00,£10,2
1652857,"Apple iPhone 13 Mini Midnight 5.4"" 128GB 5G Unlocked & SIM Free Smartphone","iOS 15 Operating System
Screen: 5.4 Inches
Storage: 128GB
Dual 12 Megapixel Rear camera",£599.00,£50,1
1517270,"Samsung Galaxy S20 FE 5G Cloud Lavender 6.5"" 128GB 5G Unlocked & SIM Free Smartphone","Android 10 Operating System
Screen: 6.5 Inches
Storage: 128GB
Triple 12, 12 and 8 Megapixel Rear camera",£379.00,£220,0
1688745,"Samsung Galaxy S21 FE Lavender 6.4"" 128GB 5G Unlocked & SIM Free Smartphone","Android 12 Operating System
Screen: 6.4 Inches
Storage: 128GB
Triple 12, 8 and 12 Megapixel Rear camera",£469.00,£230,0
1818764,"Samsung Galaxy S23 Cream 6.1"" 128GB 5G Unlocked & SIM Free Smartphone","Android 13 Operating System
Screen: 6.1 Inches
Storage: 128GB
Triple 12, 50 and 10 Megapixel Rear camera",£699.00,£150,1
1827237,"Nokia G22 Meteor Grey 6.52"" 64GB 4G Unlocked & SIM Free Smartphone","Android 12 Operating System
Screen: 6.52 Inches
Storage: 64GB
Triple 50, 2 and 2 Megapixel Rear camera",£124.00,£35,1
1778380,"Apple iPhone 14 Pro Max Gold  6.7"" 1TB 5G Unlocked & SIM Free Smartphone","iOS 16 Operating System
Screen: 6.1 Inches
Storage: 1TB
Triple 48, 12 and 12 Megapixel Rear camera",£1464.97,£284,0
1796234,"Samsung Galaxy S22 Bora Purple 6.1"" 128GB 5G Unlocked & SIM Free Smartphone","Android 12 Operating System
Screen: 6.1 Inches
Storage: 128GB
Triple 12, 50 and 10 Megapixel Rear camera",£549.00,£220,0
1847861,"Xiaomi Redmi 10 2022 Carbon Grey 6.5"" 64GB 4G Unlocked & SIM Free Smartphone","Android 11 Operating System
Screen: 6.5 Inches
Storage: 64GB
Quadruple 50, 8, 2 and 2 Megapixel Rear camera",£119.00,£40,1
1779284,"Samsung Galaxy S22 Bora Purple 6.1"" 256GB 5G Unlocked & SIM Free Smartphone","Android 12 Operating System
Screen: 6.1 Inches
Storage: 128GB
Triple 12, 50 and 10 Megapixel Rear camera",£599.00,£220,0
1778350,"Apple iPhone 14 Pro Space Black 6.1"" 128GB 5G Unlocked & SIM Free Smartphone","iOS 16 Operating System
Screen: 6.1 Inches
Storage: 128GB
Triple 48, 12 and 12 Megapixel Rear camera",£1088.97,0,0
1818767,"Samsung Galaxy S23 Cream 6.1"" 256GB 5G Unlocked & SIM Free Smartphone","Android 13 Operating System
Screen: 6.1 Inches
Storage: 256GB
Triple 12, 50 and 10 Megapixel Rear camera",£749.00,£150,0
1818776,"Samsung Galaxy S23+ Green 6.6"" 512GB 5G Unlocked & SIM Free Smartphone","Android 13 Operating System
Screen: 6.6 Inches
Storage: 512GB
Triple 12, 50 and 10 Megapixel Rear camera",£899.00,£250,102
1517265,"Samsung Galaxy S20 FE Powdered Cloud Navy 6.5"" 128GB 4G Unlocked & SIM Free Smartphone","Android 10 Operating System
Screen: 6.5 Inches
Storage: 128GB
Triple 12, 12 and 8 Megapixel Rear camera",£349.00,£130,9
1522225,"Apple iPhone 12 Black 6.1"" 64GB 5G Unlocked & SIM Free Smartphone","iOS 14 Operating System
Screen: 6.1 Inches
Storage: 64GB
Dual 12 Megapixel Rear camera",£598.97,£50,4
1700484,"Samsung Galaxy S22 Pink Gold 6.1"" 128GB 5G Unlocked & SIM Free Smartphone","Android 12 Operating System
Screen: 6.1 Inches
Storage: 128GB
10 Megapixel Rear camera",£549.00,£220,2
1666686,"Motorola Moto G60s Ink Blue 6.8"" 128GB 4G Unlocked & SIM Free Smartphone","Android 11 Operating System
Screen: 6.8 Inches
Storage: 128GB
Quadruple 64, 8, 5 and 2 Megapixel Rear camera",£199.00,£21,15
1655152,"TCL 20R 5G Granite Grey 6.52"" 64GB 5G Unlocked & SIM Free Smartphone","Android 11 Operating System
Screen: 6.52 Inches
Storage: 64GB
Triple 13, 2 and 2 Megapixel Rear camera",£119.00,£71,10
1700490,"Samsung Galaxy S22+ Phantom Black 6.6"" 128GB 5G Unlocked & SIM Free Smartphone","Android 12 Operating System
Screen: 6.6 Inches
Storage: 128GB
Triple 12, 50 and 10 Megapixel Rear camera",£729.00,£220,0
1751387,"Samsung Galaxy Z Flip4 Bora Purple 6.7"" 256GB 5G Unlocked & SIM Free Smartphone","Android 12 Operating System
Screen: 6.7 Inches
Storage: 256GB
Dual 12 Megapixel Rear camera",£649.00,£410,13
1751388,"Samsung Galaxy Z Flip4 Graphite 6.7"" 128GB 5G Unlocked & SIM Free Smartphone","Android 12 Operating System
Screen: 6.7 Inches
Storage: 128GB
Dual 12 Megapixel Rear camera",£599.00,£400,8
1751532,"Samsung Galaxy Z Flip4 Pink Gold 6.7"" 128GB 5G Unlocked & SIM Free Smartphone","Android 12 Operating System
Screen: 6.7 Inches
Storage: 128GB
Dual 12 Megapixel Rear camera",£599.00,£400,8
1818773,"Samsung Galaxy S23+ Lavender 6.6"" 256GB 5G Unlocked & SIM Free Smartphone","Android 13 Operating System
Screen: 6.6 Inches
Storage: 256GB
Triple 12, 50 and 10 Megapixel Rear camera",£879.00,£170,0
1817196,"Motorola Edge 20 Frosted Grey 6.7"" 256GB 5G Unlocked & SIM Free Smartphone","Android 11 Operating System
Screen: 6.7 Inches
Storage: 256GB
Triple 108, 8 and 16 Megapixel Rear camera",£259.00,£20,2
1822546,"Motorola Moto E13 Cosmic Black 6.5"" 64GB 4G Unlocked & SIM Free Smartphone","Android 13 Operating System
Screen: 6.5 Inches
Storage: 64GB
13 Megapixel Rear camera",£88.97,0,1
1778377,"Apple iPhone 14 Pro Max Deep Purple 6.7"" 512GB 5G Unlocked & SIM Free Smartphone","iOS 16 Operating System
Screen: 6.1 Inches
Storage: 512GB
Triple 48, 12 and 12 Megapixel Rear camera",£1269.97,£359,0
1778373,"Apple iPhone 14 Pro Max Deep Purple 6.7"" 256GB 5G Unlocked & SIM Free Smartphone","iOS 16 Operating System
Screen: 6.7 Inches
Storage: 256GB
Triple 48, 12 and 12 Megapixel Rear camera",£1298.97,£110,0
1780253,"Samsung Galaxy A23 5G Awesome White 6.6"" 64GB 5G Unlocked & SIM Free Smartphone","Android 12 Operating System
Screen: 6.6 Inches
Storage: 64GB
Quadruple 50, 5, 2 and 2 Megapixel Rear camera",£229.00,£70,0
1861379,"Samsung Galaxy Z Flip5 Graphite 6.7"" 256GB 5G Unlocked & SIM Free Smartphone","Android 13 Operating System
Screen: 6.7 Inches
Storage: 256GB
Dual 12 Megapixel- Rear camera",£899.00,£150,0
1818778,"Samsung Galaxy S23 Ultra Cream 6.8"" 256GB 5G Unlocked & SIM Free Smartphone","Android 13 Operating System
Screen: 6.8 Inches
Storage: 256GB
Quadruple 12, 200, 10 and 10 Megapixel Rear camera",£999.00,£250,1062
1811652,"OPPO Find X5 Black 6.55"" 256GB 5G Unlocked & SIM Free Smartphone","Android 12 Operating System
Screen: 6.55 Inches
Storage: 256GB
Triple 50, 50 and 15 Megapixel Rear camera",£449.00,£300,0
1801201,"Refurbished Samsung Galaxy Z Flip4 Graphite 6.7"" 128GB 5G Unlocked & SIM Free Smartphone","Android 12 Operating System
Screen: 6.7 Inches
Storage: 128GB
Dual 12 Megapixel Rear camera",£449.00,£50,0
1718908,"Samsung Galaxy A33 5G Awesome Blue 6.4"" 128GB 5G Unlocked & SIM Free Smartphone","Android 12 Operating System
Screen: 6.4 Inches
Storage: 128GB
Quadruple 48, 8, 5 and 2 Megapixel Rear camera",£279.00,£40,0
1713179,"Xiaomi 12 Gray 6.28"" 256GB 8GB 5G Unlocked & SIM Free Smartphone","Android 12 Operating System
Screen: 6.28 Inches
Storage: 256GB
Triple 50, 13 and 5 Megapixel Rear camera",£399.00,£100,0
1707788,"Nokia G11 Charcoal 6.5"" 32GB 4G Unlocked & SIM Free Smartphone","Android 11 Operating System
Screen: 6.5 Inches
Storage: 32GB
Triple 13, 2 and 2 Megapixel Rear camera",£99.00,£31,2
1705481,"Alcatel 10.68 Volcano Black 1.8"" 2G Unlocked & SIM Free Mobile Phone","Operating System: Other
1.8 inches Screen
4MB Storage
0.08 Megapixel Rear camera",£19.97,0,0
1652842,"Apple iPhone 13 Midnight 6.1"" 128GB 5G Unlocked & SIM Free Smartphone","iOS 15 Operating System
Screen: 6.1 Inches
Storage: 128GB
Dual 12 Megapixel Rear camera",£698.97,£80,3
1604932,"Samsung Galaxy Z Fold3 5G Phantom Black 7.6"" 256GB 5G Unlocked & SIM Free Smartphone","Android 11 Operating System
Screen: 7.6 Inches
Storage: 256GB
Triple 12 Megapixel Rear camera",£749.00,£50,0
1648457,"Samsung Galaxy A52s 5G Awesome Black 6.5"" 128GB 5G Dual SIM Unlocked & SIM Free Smartphone","Android 11 Operating System
Screen: 6.5 Inches
Storage: 128GB
Quadruple 64, 12, 5 and 5 Megapixel Rear camera",£349.00,£43,0
1652845,"Apple iPhone 13 Product Red 6.1"" 128GB 5G Unlocked & SIM Free Smartphone","iOS 15 Operating System
Screen: 6.1 Inches
Storage: 128GB
Dual 12 Megapixel Rear camera",£698.97,£80,0
1604922,"Samsung Galaxy Z Flip3 5G Cream 6.7"" 128GB 5G Unlocked & SIM Free Smartphone","Android 11 Operating System
Screen: 6.7 Inches
Storage: 128GB
Dual 12 Megapixel Rear camera",£499.00,£500,0
1544807,"Samsung Galaxy S21 Phantom Grey 6.2"" 128GB 5G Unlocked & SIM Free Smartphone","Android 11 Operating System
Screen: 6.2 Inches
Storage: 128GB
Triple 12, 12 and 64 Megapixel Rear camera",£499.00,0,14
1522233,"Apple iPhone 12 Blue 6.1"" 128GB 5G Unlocked & SIM Free","iOS 14 Operating System
Screen: 6.1 Inches
Storage: 128GB
Dual 12 Megapixel Rear camera",£639.97,0,0
1517272,"Samsung Galaxy S20 FE 5G Cloud Mint 6.5"" 128GB 5G Unlocked & SIM Free Smartphone","Android 10 Operating System
Screen: 6.5 Inches
Storage: 128GB
Triple 12, 12 and 8 Megapixel Rear camera",£379.00,£220,0
1408664,"Refurbished BlackBerry KEY2 Black 4.5"" 64GB 4G Unlocked & SIM Free Smartphone","Android 8.0 Oreo Operating System
Screen: 4.5 Inches
Storage: 64GB
12 Megapixel Rear camera",£199.00,£450,0
1655153,"TCL 20R 5G Lazurite Blue 6.52"" 64GB 5G Unlocked & SIM Free Smartphone","Android 11 Operating System
Screen: 6.52 Inches
Storage: 64GB
Triple 13, 2 and 2 Megapixel Rear camera",£119.00,£71,0
1688744,"Samsung Galaxy S21 FE Olive 6.4"" 128GB 5G Unlocked & SIM Free Smartphone","Android 12 Operating System
Screen: 6.4 Inches
Storage: 128GB
Triple 12, 8 and 12 Megapixel Rear camera",£469.00,£230,0
1705480,"Alcatel 20.20 Metallic Grey 2.4"" 2G Unlocked & SIM Free Mobile Phone","Other Operating System
Screen: 2.4 inches
Storage: 16MB
0.3 Megapixel Rear camera",£30.97,0,0
1713180,"Xiaomi 12 Purple 6.28"" 256GB 8GB 5G Unlocked & SIM Free Smartphone","Android 12 Operating System
Screen: 6.28 Inches
Storage: 256GB
Triple 50, 13 and 5 Megapixel Rear camera",£399.00,0,0
1713811,"Samsung Galaxy A53 5G Awesome Peach 6.5"" 128GB 5G Unlocked & SIM Free Smartphone","Android 12 Operating System
Screen: 6.5 Inches
Storage: 128GB
Quadruple 64, 12, 5 and 5 Megapixel Rear camera",£329.00,£70,0
1717637,"Motorola Moto E20 Costal Blue 6.5"" 32GB 4G Unlocked & SIM Free Smartphone","Android 11 Operating System
Screen: 6.5 Inches
Storage: 32GB
Dual 13 and 2 Megapixel Rear camera",£89.97,0,0
1811653,"OPPO Find X5 White 6.55"" 256GB 5G Unlocked & SIM Free Smartphone","Android 12 Operating System
Screen: 6.55 Inches
Storage: 256GB
Triple 50, 50 and 15 Megapixel Rear camera",£449.00,£350,0
1815269,"Refurbished Apple iPhone 12 Mini Purple 5.4"" 64GB 5G Unlocked & SIM Free Smartphone","iOS 14 Operating System
Screen: 5.4 Inches
Storage: 64GB
Dual 12 Megapixel Rear camera",£289.00,0,0
1811650,"OPPO Find X5 Pro Glaze Black 6.7"" 256GB 5G Unlocked & SIM Free Smartphone","Android 12 Operating System
Screen: 6.7 Inches
Storage: 256GB
Triple 50, 50 and 13 Megapixel Rear camera",£599.00,£401,0
1818781,"Samsung Galaxy S23 Ultra Lavender 6.8"" 256GB 5G Unlocked & SIM Free Smartphone","Android 13 Operating System
Screen: 6.8 Inches
Storage: 256GB
Quadruple 12, 200, 10 and 10 Megapixel Rear camera",£999.00,£250,1062
1818782,"Samsung Galaxy S23 Ultra Cream 6.8"" 512GB 5G Unlocked & SIM Free Smartphone","Android 13 Operating System
Screen: 6.8 Inches
Storage: 512GB
Quadruple 12, 200, 10 and 10 Megapixel Rear camera",£1099.00,£300,0
1828878,"Samsung Galaxy A54 Awesome Lime 6.4"" 128GB 5G Unlocked & SIM Free Smartphone","Android 13 Operating System
Screen: 6.4 Inches
Storage: 128GB
Triple 50, 12 and 5 Megapixel Rear camera",£399.00,£50,0
1781429,"Samsung Galaxy A04s 4G Awesome White 6.5"" 32GB 4G Unlocked & SIM Free Smartphone","Android 12 Operating System
Screen: 6.5 Inches
Storage: 32GB
Triple 50, 2 and 2 Megapixel Rear camera",£119.00,£63,0
1778366,"Apple iPhone 14 Pro Max Space Black 6.7"" 128GB 5G Unlocked & SIM Free Smartphone","iOS 16 Operating System
Screen: 6.1 Inches
Storage: 128GB
Triple 48, 12 and 12 Megapixel Rear camera",£1129.00,£170,0
1778332,"Apple iPhone 14 Blue 6.1"" 512GB 5G Unlocked & SIM Free Smartphone","iOS 16 Operating System
Screen: 6.1 Inches
Storage: 512GB
Dual 12 Megapixel Rear camera",£803.97,£375,0
1778379,"Apple iPhone 14 Pro Max Silver  6.7"" 1TB 5G Unlocked & SIM Free Smartphone","iOS 16 Operating System
Screen: 6.1 Inches
Storage: 1TB
Triple 48, 12 and 12 Megapixel Rear camera",£1495.97,£253,0
1778376,"Apple iPhone 14 Pro Max Gold 6.7"" 512GB 5G Unlocked & SIM Free Smartphone","iOS 16 Operating System
Screen: 6.1 Inches
Storage: 512GB
Triple 48, 12 and 12 Megapixel Rear camera",£1280.97,£248,1
1778324,"Apple iPhone 14 Product Red 6.1"" 128GB 5G Unlocked & SIM Free Smartphone","iOS 16 Operating System
Screen: 6.1 Inches
Storage: 128GB
Dual 12 Megapixel Rear camera",£759.00,£90,1
1751536,"Samsung Galaxy Z Flip4 Blue 6.7"" 256GB 5G Unlocked & SIM Free Smartphone","Android 12 Operating System
Screen: 6.7 Inches
Storage: 256GB
Dual 12 Megapixel Rear camera",£649.00,£410,9
1751539,"Samsung Galaxy Z Fold4 Phantom Black 7.6"" 256GB 5G Unlocked & SIM Free Smartphone","Android 12 Operating System
Screen: 7.6 Inches
Storage: 256GB
Triple 12, 50 and 10 Megapixel Rear camera",£1049.00,£600,2
1751540,"Samsung Galaxy Z Fold4 Beige 7.6"" 256GB 5G Unlocked & SIM Free Smartphone","Android 12 Operating System
Screen: 7.6 Inches
Storage: 256GB
Triple 12, 50 and 10 Megapixel Rear camera",£1049.00,£600,1
1861378,"Samsung Galaxy Z Flip5 Lavender 6.7"" 512GB 5G Unlocked & SIM Free Smartphone","Android 13 Operating System
Screen: 6.7 Inches
Storage: 512GB
Dual 12 Megapixel- Rear camera",£899.00,£300,0
1829086,"Samsung Galaxy A54 Awesome Violet 6.4"" 256GB 5G Unlocked & SIM Free Smartphone","Android 13 Operating System
Screen: 6.4 Inches
Storage: 256GB
Triple 50, 12 and 5 Megapixel Rear camera",£449.00,£50,1
1861384,"Samsung Galaxy Z Fold5 Icy Blue 7.6"" 512GB 5G Unlocked & SIM Free Smartphone","Android 13 Operating System
Screen: 7.6 Inches
Storage: 512GB
50 Megapixel- Rear camera",£1829.00,0,0
1861388,"Samsung Galaxy Z Fold5 Phantom Black 7.6"" 512GB 5G Unlocked & SIM Free Smartphone","Android 13 Operating System
Screen: 7.6 Inches
Storage: 512GB
50 Megapixel- Rear camera",£1829.00,0,0
1864928,"Fairphone 4 Grey 6.3"" 128GB 5G Unlocked & SIM Free Smartphone","Android 12 Operating System
Screen: 6.3 Inches
Storage: 128GB
Dual 48 Megapixel Rear camera",£469.00,£141,0
1829391,"Nokia G22 Lagoon Blue 6.52"" 64GB 4G Unlocked & SIM Free Smartphone","Android 12 Operating System
Screen: 6.52 Inches
Storage: 64GB
Triple 50, 2 and 2 Megapixel Rear camera",£124.00,£35,0
1861376,"Samsung Galaxy Z Flip5 Mint 6.7"" 512GB 5G Unlocked & SIM Free Smartphone","Android 13 Operating System
Screen: 6.7 Inches
Storage: 512GB
Dual 12 Megapixel- Rear camera",£899.00,£300,0
1751534,"Samsung Galaxy Z Flip4 Graphite 6.7"" 256GB 5G Unlocked & SIM Free Smartphone","Android 12 Operating System
Screen: 6.7 Inches
Storage: 256GB
Dual 12 Megapixel Rear camera",£699.00,£360,5
1751535,"Samsung Galaxy Z Flip4 Pink Gold 6.7"" 256GB 5G Unlocked & SIM Free Smartphone","Android 12 Operating System
Screen: 6.7 Inches
Storage: 256GB
Dual 12 Megapixel Rear camera",£699.00,£360,1
1778323,"Apple iPhone 14 Purple 6.1"" 128GB 5G Unlocked & SIM Free Smartphone","iOS 16 Operating System
Screen: 6.1 Inches
Storage: 128GB
Dual 12 Megapixel Rear camera",£755.97,£93,2
1776544,"Nothing Phone 1 Black 6.55"" 256GB / 8GB 5G Dual SIM Unlocked & SIM Free Smartphone","Android 12 Operating System
Screen: 6.55 Inches
Storage: 256GB
Dual 50 Megapixel Rear camera",£339.00,£110,1
1778326,"Apple iPhone 14 Starlight 6.1"" 256GB 5G Unlocked & SIM Free Smartphone ","iOS 16 Operating System
Screen: 6.1 Inches
Storage: 256GB
Dual 12 Megapixel Rear camera",£815.97,£143,0
1778357,"Apple iPhone 14 Pro Deep Purple 6.1"" 256GB 5G Unlocked & SIM Free Smartphone","iOS 16 Operating System
Screen: 6.1 Inches
Storage: 256GB
Triple 48, 12 and 12 Megapixel Rear camera",£1198.97,0,0
1778358,"Apple iPhone 14 Pro Space Black 6.1"" 512GB 5G Unlocked & SIM Free Smartphone","iOS 16 Operating System
Screen: 6.1 Inches
Storage: 512GB
Triple 48, 12 and 12 Megapixel Rear camera",£1195.97,£303,0
1778365,"Apple iPhone 14 Pro Deep Purple 6.1"" 1TB 5G Unlocked & SIM Free Smartphone","iOS 16 Operating System
Screen: 6.1 Inches
Storage: 1TB
Triple 48, 12 and 12 Megapixel Rear camera",£1395.97,£353,0
1782749,"Nokia C2 2nd Edition Grey 5.7"" 32GB 4G Unlocked & SIM Free Smartphone","Android 11 Operating System
Screen: 5.7 Inches
Storage: 32GB
5 Megapixel Rear camera",£79.00,£11,0
1829085,"Samsung Galaxy A54 Awesome Lime 6.4"" 256GB 5G Unlocked & SIM Free Smartphone","Android 13 Operating System
Screen: 6.4 Inches
Storage: 256GB
Triple 50, 12 and 5 Megapixel Rear camera",£449.00,£50,0
1821016,"TCL 40 SE Dark Grey 6.75"" 128GB 4G Unlocked & SIM Free Smartphone","Android 13 Operating System
Screen: 6.6 Inches
Storage: 128GB
Triple 50, 2 and 2 Megapixel Rear camera",£119.00,£22,0
1818777,"Samsung Galaxy S23+ Lavender 6.6"" 512GB 5G Unlocked & SIM Free Smartphone","Android 13 Operating System
Screen: 6.6 Inches
Storage: 512GB
Triple 12, 50 and 10 Megapixel Rear camera",£899.00,£250,102
1815274,"Refurbished Apple iPhone 12 Mini Red 5.4"" 64GB 5G Unlocked & SIM Free Smartphone","iOS 14 Operating System
Screen: 5.4 Inches
Storage: 64GB
Dual 12 Megapixel Rear camera",£279.00,£20,0
1751531,"Samsung Galaxy Z Flip4 Bora Purple 6.7"" 128GB 5G Unlocked & SIM Free Smartphone","Android 12 Operating System
Screen: 6.7 Inches
Storage: 128GB
Dual 12 Megapixel Rear camera",£599.00,£400,0
1713105,"OnePlus 10 Pro 5G Volcanic Black 6.7"" 128GB 8GB 5G Unlocked & SIM Free Smartphone","Android 12 Operating System
Screen: 6.7 Inches
Storage: 128GB
Triple 48, 8 and 50 Megapixel Rear camera",£549.00,£50,2
1707904,"Apple iPhone SE 3rd Gen Midnight 4.7"" 64GB 5G Unlocked & SIM Free Smartphone","iOS 15 Operating System
Screen: 4.7 Inches
Storage: 64GB
12 Megapixel Rear camera",£428.97,£30,0
1606617,"Nokia XR20 Blue 6.67"" 64 4GB 5G Dual SIM Unlocked & SIM Free Smartphone","Android 11 Operating System
Storage: 128GB
48 Megapixel Rear camera",£219.00,£81,0
1483551,"Doro 6040 Black 2.8"" 2G Dual SIM Unlocked & SIM Free Mobile Phone","Operating System: Other
2.8 Inches Screen
2GB Storage
2 Megapixel Rear camera",£52.97,£22,0
1522226,"Apple iPhone 12 White 6.1"" 64GB 5G Unlocked & SIM Free","iOS 14 Operating System
Screen: 6.1 Inches
Storage: 64GB
Dual 12 Megapixel Rear camera",£609.97,£39,0
1522228,"Apple iPhone 12 Blue 6.1"" 64GB 5G Unlocked & SIM Free Smartphone","iOS 14 Operating System
Screen: 6.1 Inches
Storage: 64GB
Dual 12 Megapixel Rear camera",£596.97,£52,0
1544809,"Samsung Galaxy S21 Phantom Pink 6.2"" 128GB 5G Unlocked & SIM Free Smartphone","Android 11 Operating System
Screen: 6.2 Inches
Storage: 128GB
Triple 12, 12 and 64 Megapixel Rear camera",£499.00,0,1
1600465,"Motorola Defy Black 6.5"" 64GB 4G Unlocked & SIM Free Smartphone","Android 10 Operating System
Screen: 6.5 Inches
Storage: 64GB
Triple 48, 2 and 2 Megapixel Rear camera",£225.97,0,5
1604374,"OPPO Find X3 Pro 5G Glossy Black 6.7"" 256GB 5G Dual SIM Unlocked & SIM Free Smartphone","Android 11 Operating System
Screen: 6.7 Inches
Storage: 256GB
Quadruple 50, 50, 13 and 3 Megapixel Rear camera",£599.00,£200,0
1604924,"Samsung Galaxy Z Flip3 5G Lavender 6.7"" 128GB 5G Unlocked & SIM Free Smartphone","Android 11 Operating System
Screen: 6.7 Inches
Storage: 128GB
Dual 12 Megapixel Rear camera",£499.00,£100,0
1544817,"Samsung Galaxy S21+ Phantom Violet 6.7"" 128GB 5G Unlocked & SIM Free Smartphone","Android 11 Operating System
Screen: 6.7 Inches
Storage: 128GB
Triple 12, 12 and 64 Megapixel Rear camera",£599.00,0,1
1573334,"Apple iPhone 12 Purple 6.1"" 256GB 5G Unlocked & SIM Free","iOS 14 Operating System
Screen: 6.1 Inches
Storage: 256GB
Dual 12 Megapixel Rear camera",£635.97,£165,0
1648460,"Samsung Galaxy A52s 5G Awesome Mint 6.5"" 128GB 5G Dual SIM Unlocked & SIM Free Smartphone","Android 11 Operating System
Screen: 6.5 Inches
Storage: 128GB
Quadruple 64, 12, 5 and 5 Megapixel Rear camera",£349.00,0,0
1606372,"Motorola Edge 20 Frosted White 6.7"" 128GB 5G Unlocked & SIM Free Smartphone","Android 11 Operating System
Screen: 6.7 Inches
Storage: 128GB
Triple 108, 8 and 16 Megapixel Rear camera",£249.00,£130,1
1652843,"Apple iPhone 13 Starlight 6.1"" 128GB 5G Unlocked & SIM Free Smartphone","iOS 15 Operating System
Screen: 6.1 Inches
Storage: 128GB
Dual 12 Megapixel Rear camera",£698.97,£80,0
1652858,"Apple iPhone 13 Mini Starlight 5.4"" 128GB 5G Unlocked & SIM Free Smartphone","iOS 15 Operating System
Screen: 5.4 Inches
Storage: 128GB
Dual 12 Megapixel Rear camera",£637.97,0,0
1652867,"Apple iPhone 13 Mini Midnight 5.4"" 512GB 5G Unlocked & SIM Free Smartphone","iOS 15 Operating System
Screen: 5.4 Inches
Storage: 512GB
Dual 12 Megapixel Rear camera",£862.97,£116,0
1652868,"Apple iPhone 13 Mini Starlight 5.4"" 512GB 5G Unlocked & SIM Free Smartphone","iOS 15 Operating System
Screen: 5.4 Inches
Storage: 512GB
Dual 12 Megapixel Rear camera",£881.97,£97,0
1522235,"Apple iPhone 12 Black 6.1"" 256GB 5G Unlocked & SIM Free","iOS 14 Operating System
Screen: 6.1 Inches
Storage: 256GB
Dual 12 Megapixel Rear camera",£640.97,£118,0
1522238,"Apple iPhone 12 Blue 6.1"" 256GB 5G Unlocked & SIM Free","iOS 14 Operating System
Screen: 6.1 Inches
Storage: 256GB
Dual 12 Megapixel Rear camera",£650.97,£158,0
1524047,"Apple iPhone 11 Black 6.1"" 128GB 4G Unlocked & SIM Free","iOS 13 Operating System
Screen: 6.1 Inches
Storage: 128GB
Dual 12 Megapixel Rear camera",£488.97,0,0
1528885,"Apple iPhone 11 White 6.1"" 128GB 4G Unlocked & SIM Free","iOS 13 Operating System
Screen: 6.1 Inches
Storage: 128GB
Dual 12 Megapixel Rear camera",£490.97,£32,0
1337186,"Refurbished Google Pixel 3 XL Clearly White 6.3"" 64GB 4G Unlocked & SIM Free Smartphone","Android 9.0 Pie Operating System
Screen: 6.3 Inches
Storage: 64GB
12.2 Megapixel Rear camera",£179.00,£420,2
1540142,"Refurbished Doro 8050 Grey 5.45"" 16GB 4G Unlocked & SIM Free","Android 9.0 Pie Operating System
Screen: 5.45 Inches
Storage: 16GB
13 Megapixel Rear camera",£119.00,£30,0
1447221,"Nokia 105 2019 Black 1.77"" 4MB 2G Unlocked & SIM Free Mobile Phone","Operating System: Other
1.77 Inches Screen
4MB Storage
N/A Rear camera",£25.97,0,0
1707906,"Apple iPhone SE 3rd Gen Product Red 4.7"" 64GB 5G Unlocked & SIM Free Smartphone","iOS 15 Operating System
Screen: 4.7 Inches
Storage: 64GB
12 Megapixel Rear camera",£449.97,0,0
1707907,"Apple iPhone SE 3rd Gen Midnight 4.7"" 128GB 5G Unlocked & SIM Free Smartphone","iOS 15 Operating System
Screen: 4.7 Inches
Storage: 128GB
12 Megapixel Rear camera",£483.97,0,0
1700489,"Samsung Galaxy S22+ Phantom White 6.6"" 128GB 5G Unlocked & SIM Free Smartphone","Android 12 Operating System
Screen: 6.6 Inches
Storage: 128GB
Triple 12, 50 and 10 Megapixel Rear camera",£729.00,£220,0
1652862,"Apple iPhone 13 Mini Midnight 5.4"" 256GB 5G Unlocked & SIM Free Smartphone","iOS 15 Operating System
Screen: 5.4 Inches
Storage: 256GB
Dual 12 Megapixel Rear camera",£710.97,£48,0
1682793,"Doro 780X IUP Black/White 2.8"" 4GB 4G Dual SIM Unlocked & SIM Free Mobile Phone ","Operating System: Other
2.8 Inches Screen
4GB Storage
N/A Rear camera",£135.00,0,0
1710893,"Refurbished OPPO Reno4 Pro 5G Black 6.5"" 128GB 5G Unlocked & SIM Free Smartphone","Android 10 Operating System
Screen: 6.5 Inches
Storage: 128GB
Triple 48, 12 and 13 Megapixel Rear camera",£239.00,£110,0
1713222,"Doro 6880 Graphite 2.4"" 128MB 4G Unlocked & SIM Free Mobile Phone","Operating System: Other
2.4 inches Screen
128MB Storage
2 Megapixel Rear camera",£94.97,£5,0
1800924,"Samsung Galaxy Z Flip4 Bora Purple 6.7"" 512GB 5G Unlocked & SIM Free Smartphone","Android 12 Operating System
Screen: 6.7 Inches
Storage: 512GB
Dual 12 Megapixel Rear camera",£799.00,£400,0
1818100,"Refurbished Samsung Galaxy Z Flip4 Bora Purple 6.7"" 128GB 5G Unlocked & SIM Free Smartphone","Android 12 Operating System
Screen: 6.7 Inches
Storage: 128GB
Dual 12 Megapixel Rear camera",£399.00,£100,0
1818772,"Samsung Galaxy S23+ Green 6.6"" 256GB 5G Unlocked & SIM Free Smartphone","Android 13 Operating System
Screen: 6.6 Inches
Storage: 256GB
Triple 12, 50 and 10 Megapixel Rear camera",£879.00,£170,30
1822541,"Motorola Moto G73 5G Midnight Blue 6.5"" 256GB 5G Unlocked & SIM Free Smartphone","Android 13 Operating System
Screen: 6.5 Inches
Storage: 256GB
Dual 50 and 8 Megapixel Rear camera",£242.97,£26,3
1818785,"Samsung Galaxy S23 Ultra Lavender 6.8"" 512GB 5G Unlocked & SIM Free Smartphone","Android 13 Operating System
Screen: 6.8 Inches
Storage: 512GB
Quadruple 12, 200, 10 and 10 Megapixel Rear camera",£1099.00,£300,0
1822547,"Motorola Moto E13 Creamy White 6.5"" 64GB 4G Unlocked & SIM Free Smartphone","Android 13 Operating System
Screen: 6.5 Inches
Storage: 64GB
13 Megapixel Rear camera",£88.97,0,0
1827993,"Nokia C21 Plus Warm Grey 6.5"" 32GB 4G Unlocked & SIM Free Smartphone","Android 11 Operating System
Screen: 6.517 Inches
Storage: 32GB
Dual 13 and 2 Megapixel Rear camera",£99.00,£10,0
1829084,"Samsung Galaxy A34 Awesome Silver 6.6"" 256GB 5G Unlocked & SIM Free Smartphone","Android 13 Operating System
Screen: 6.6 Inches
Storage: 256GB
Triple 48, 8 and 5 Megapixel Rear camera",£339.00,£60,0
1822543,"Motorola Moto G13 Matte Charcoal 6.5"" 128GB 4G Unlocked & SIM Free Smartphone","Android 13 Operating System
Screen: 6.5 Inches
Storage: 128GB
Triple 50, 2 and 2 Megapixel Rear camera",£149.97,0,0
1828341,"Samsung Galaxy A54 Awesome White 6.4"" 128GB 5G Unlocked & SIM Free Smartphone","Android 13 Operating System
Screen: 6.4 Inches
Storage: 128GB
Triple 50, 12 and 5 Megapixel Rear camera",£399.00,£50,1
1783494,"Nokia X30 5G Cloudy Blue 6.43"" 128GB 5G Unlocked & SIM Free Smartphone","Android 12 Operating System
Screen: 6.43 Inches
Storage: 128GB
Dual 50 and 13 Megapixel Rear camera",£347.97,£52,0
1781659,"Samsung Galaxy A04s 4G Green 6.5"" 32GB 4G Unlocked & SIM Free Smartphone","Android 12 Operating System
Screen: 6.5 Inches
Storage: 32GB
Triple 50, 2 and 2 Megapixel Rear camera",£119.00,£40,0
1778333,"Apple iPhone 14 Purple 6.1"" 512GB 5G Unlocked & SIM Free Smartphone","iOS 16 Operating System
Screen: 6.1 Inches
Storage: 512GB
Dual 12 Megapixel Rear camera",£974.97,£204,0
1778363,"Apple iPhone 14 Pro Silver 6.1"" 1TB 5G Unlocked & SIM Free Smartphone","iOS 16 Operating System
Screen: 6.1 Inches
Storage: 1TB
Triple 48, 12 and 12 Megapixel Rear camera",£1395.97,£253,0
1778367,"Apple iPhone 14 Pro Max Silver 6.7"" 128GB 5G Unlocked & SIM Free Smartphone","iOS 16 Operating System
Screen: 6.1 Inches
Storage: 128GB
Triple 48, 12 and 12 Megapixel Rear camera",£1129.00,£70,0
1778360,"Apple iPhone 14 Pro Gold 6.1"" 512GB 5G Unlocked & SIM Free Smartphone","iOS 16 Operating System
Screen: 6.1 Inches
Storage: 512GB
Triple 48, 12 and 12 Megapixel Rear camera",£1195.97,£233,0
1778353,"Apple iPhone 14 Pro Deep Purple  6.1"" 128GB 5G Unlocked & SIM Free Smartphone","iOS 16 Operating System
Screen: 6.1 Inches
Storage: 128GB
Triple 48, 12 and 12 Megapixel Rear camera",£1088.97,£110,0
1778355,"Apple iPhone 14 Pro Silver 6.1"" 256GB 5G Unlocked & SIM Free Smartphone","iOS 16 Operating System
Screen: 6.1 Inches
Storage: 256GB
Triple 48, 12 and 12 Megapixel Rear camera",£1198.97,0,4
1778327,"Apple iPhone 14 Blue 6.1"" 256GB 5G Unlocked & SIM Free Smartphone ","iOS 16 Operating System
Screen: 6.1 Inches
Storage: 256GB
Dual 12 Megapixel Rear camera",£780.97,£178,0
1778335,"Apple iPhone 14 Plus Midnight 6.7"" 128GB 5G Unlocked & SIM Free Smartphone","iOS 16 Operating System
Screen: 6.7 Inches
Storage: 128GB
Dual 12 Megapixel Rear camera",£859.00,£90,1
1755783,"Samsung Galaxy A13 5G Awesome Black 6.5"" 64GB 5G Unlocked & SIM Free Smartphone","Android 11 Operating System
Screen: 6.5 Inches
Storage: 64GB
Triple 50, 2 and 2 Megapixel Rear camera",£200.36,£19,0
1729963,"Sony Xperia 10 IV 5G Lavender 6"" 128GB 5G Unlocked & SIM Free Smartphone","Android 12 Operating System
Screen: 6 Inches
Storage: 128GB
Triple 12, 8 and 8 Megapixel Rear camera",£379.00,£50,0
1776543,"Nothing Phone 1 White 6.55"" 256GB / 8GB 5G Dual SIM Unlocked & SIM Free Smartphone","Android 12 Operating System
Screen: 6.55 Inches
Storage: 256GB
Dual 50 Megapixel Rear camera",£339.00,£110,0
1751541,"Samsung Galaxy Z Fold4 Beige 7.6"" 512GB 5G Unlocked & SIM Free Smartphone","Android 12 Operating System
Screen: 7.6 Inches
Storage: 512GB
Triple 12, 50 and 10 Megapixel Rear camera",£1189.00,£580,0
1861375,"Samsung Galaxy Z Flip5 Mint 6.7"" 256GB 5G Unlocked & SIM Free Smartphone","Android 13 Operating System
Screen: 6.7 Inches
Storage: 256GB
Dual 12 Megapixel- Rear camera",£899.00,£150,0
1861381,"Samsung Galaxy Z Flip5 Cream 6.7"" 256GB 5G Unlocked & SIM Free Smartphone","Android 13 Operating System
Screen: 6.7 Inches
Storage: 256GB
Dual 12 Megapixel- Rear camera",£899.00,£150,0
1829087,"Samsung Galaxy A54 Awesome White 6.4"" 256GB 5G Unlocked & SIM Free Smartphone","Android 13 Operating System
Screen: 6.4 Inches
Storage: 256GB
Triple 50, 12 and 5 Megapixel Rear camera",£449.00,£50,0
1861383,"Samsung Galaxy Z Fold5 Icy Blue 7.6"" 256GB 5G Unlocked & SIM Free Smartphone","Android 13 Operating System
Screen: 7.6 Inches
Storage: 256GB
50 Megapixel- Rear camera",£1729.00,0,0
1861516,"Samsung Galaxy Z Fold5 Phantom Black 7.6"" 1TB 5G Unlocked & SIM Free Smartphone","Android 13 Operating System
Screen: 7.6 Inches
Storage: 1TB
50 Megapixel Rear camera",£1999.00,0,0
1862312,"Motorola Moto E6 Play Ocean Blue 5.5"" 32GB 4G Unlocked & SIM Free Smartphone","Android 9.0 Operating System
Screen: 5.5 Inches
Storage: 32GB
13 Megapixel Rear camera",£89.00,0,0
1861386,"Samsung Galaxy Z Fold5 Cream 7.6"" 512GB 5G Unlocked & SIM Free Smartphone","Android 13 Operating System
Screen: 7.6 Inches
Storage: 512GB
50 Megapixel- Rear camera",£1829.00,0,0
1861387,"Samsung Galaxy Z Fold5 Phantom Black 7.6"" 256GB 5G Unlocked & SIM Free Smartphone","Android 13 Operating System
Screen: 7.6 Inches
Storage: 256GB
50 Megapixel Rear camera",£1729.00,0,0
1869758,"Nothing Phone 1 White 6.55"" 256GB / 12GB 5G Dual SIM Unlocked & SIM Free Smartphone","Android 12 Operating System
Screen: 6.55 Inches
Storage: 256GB
Dual 50 Megapixel Rear camera",£379.00,£120,0
1869759,"Nothing Phone 1 Black 6.55"" 256GB / 12GB 5G Dual SIM Unlocked & SIM Free Smartphone","Android 12 Operating System
Screen: 6.55 Inches
Storage: 256GB
Dual 50 Megapixel Rear camera",£379.00,£120,0
1870199,"Refurbished Apple iPhone 14 Pro Space Black 6.1"" 256GB 5G Unlocked & SIM Free Smartphone","iOS 16 Operating System
Screen: 6.1 Inches
Storage: 256GB
Triple 48, 12 and 12 Megapixel Rear camera",£1028.59,£170,0
1870502,"Apple iPhone 15 Black 6.1"" 128GB 5G Unlocked & SIM Free Smartphone","iOS 17 Operating System
Storage: 128GB
48Megapixel Rear camera",£799.00,0,0
1870503,"Apple iPhone 15 Pink 6.1"" 128GB 5G Unlocked & SIM Free Smartphone","iOS 17 Operating System
Storage: 128GB
48Megapixel Rear camera",£799.00,0,0
1870505,"Apple iPhone 15 Blue 6.1"" 128GB 5G Unlocked & SIM Free Smartphone","iOS 17 Operating System
Storage: 128GB
48Megapixel Rear camera",£799.00,0,0
1870507,"Apple iPhone 15 Black 6.1"" 256GB 5G Unlocked & SIM Free Smartphone","iOS 17 Operating System
Storage: 256GB
48Megapixel Rear camera",£899.00,0,0
1870508,"Apple iPhone 15 Pink 6.1"" 256GB 5G Unlocked & SIM Free Smartphone","iOS 17 Operating System
Storage: 256GB
48Megapixel Rear camera",£899.00,0,0
1870510,"Apple iPhone 15 Blue 6.1"" 256GB 5G Unlocked & SIM Free Smartphone","iOS 17 Operating System
Storage: 256GB
48Megapixel Rear camera",£899.00,0,0
1871785,"Refurbished Apple iPhone 14 Pro Space Black 6.1"" 256GB 5G Unlocked & SIM Free Smartphone","iOS 16 Operating System
Screen: 6.1 Inches
Storage: 256GB
Triple 48, 12 and 12 Megapixel Rear camera",£959.17,0,0
1861385,"Samsung Galaxy Z Fold5 Cream 7.6"" 256GB 5G Unlocked & SIM Free Smartphone","Android 13 Operating System
Screen: 7.6 Inches
Storage: 256GB
50 Megapixel- Rear camera",£1729.00,0,0
1862565,"TCL 406 Dark Grey 6.6"" 32GB 4G Unlocked & SIM Free Smartphone","Android 13 Operating System
Screen: 6.6 Inches
Storage: 32GB
Dual 13 and 2 Megapixel Rear camera",£97.97,0,0
1864926,"Refurbished Motorola Edge 20 Pro Blue Vegan Leather 6.7"" 256GB 5G Unlocked & SIM Free Smartphone","Android 11 Operating System
Screen: 6.7 Inches
Storage: 256GB
Triple 108, 8 and 16 Megapixel Rear camera",£599.00,0,0
1864927,"Fairphone 4 Grey 6.3"" 256GB 5G Unlocked & SIM Free Smartphone","Android 12 Operating System
Screen: 6.3 Inches
Storage: 256GB
Dual 48 Megapixel Rear camera",£532.97,£151,0
1865105,"Samsung Galaxy Z Flip3 5G Pink 6.7"" 128GB 5G Unlocked & SIM Free Smartphone","Android 11 Operating System
Screen: 6.7 Inches
Storage: 128GB
Dual 12 Megapixel Rear camera",£499.00,£50,0
1867008,"Refurbished Sony Xperia 10 IV 5G Black 6"" 128GB 5G Unlocked & SIM Free Smartphone","Android 12 Operating System
Screen: 6 Inches
Storage: 128GB
Triple 12, 8 and 8 Megapixel Rear camera",£249.00,£130,0
1864929,"Fairphone 4 Green 6.3"" 256GB 5G Unlocked & SIM Free Smartphone","Android 12 Operating System
Screen: 6.3 Inches
Storage: 256GB
Dual 48 Megapixel Rear camera",£532.97,£151,0
1830791,"Refurbished Samsung Galaxy Z Flip4 Bora Purple 6.7"" 128GB 5G Unlocked & SIM Free Smartphone","Android 12 Operating System
Screen: 6.7 Inches
Storage: 128GB
Dual 12 Megapixel Rear camera",£349.00,£110,0
1833054,"Refurbished Sony Xperia 10 IV 5G Black 6"" 128GB 5G Unlocked & SIM Free Smartphone","Android 12 Operating System
Screen: 6 Inches
Storage: 128GB
Triple 12, 8 and 8 Megapixel Rear camera",£339.00,£40,0
1835945,"Refurbished Nokia XR20 Granite 6.67"" 64GB 4GB 5G Dual SIM Unlocked & SIM Free Smartphone","Android 11 Operating System
Screen: 6.67 Inches
Storage: 64GB
Dual 48 and 13 Megapixel Rear camera",£211.53,£188,0
1861382,"Samsung Galaxy Z Flip5 Cream 6.7"" 512GB 5G Unlocked & SIM Free Smartphone","Android 13 Operating System
Screen: 6.7 Inches
Storage: 512GB
Dual 12 Megapixel- Rear camera",£899.00,£300,0
1861377,"Samsung Galaxy Z Flip5 Lavender 6.7"" 256GB 5G Unlocked & SIM Free Smartphone","Android 13 Operating System
Screen: 6.7 Inches
Storage: 256GB
Dual 12 Megapixel- Rear camera",£899.00,£150,0
1855471,"Refurbished OPPO Reno8 Pro 5G Glazed Black 6.7"" 256GB 5G Unlocked & SIM Free Smartphone","Android 12 Operating System
Screen: 6.7 Inches
Storage: 256GB
Triple 50, 8 and 2 Megapixel Rear camera",£349.85,£149,0
1858256,"Refurbished Google Pixel 6 Pro Stormy Black 6.7"" 128GB 5G Unlocked & SIM Free Smartphone","Android 12 Operating System
Screen: 6.7 Inches
Storage: 128GB
Triple 50, 48 and 12 Megapixel Rear camera",£279.00,0,0
1860501,"Refurbished Google Pixel 7 Pro Hazel 6.7"" 128GB 5G Unlocked & SIM Free Smartphone","Android 13 Operating System
Screen: 6.7 Inches
Storage: 128GB
Triple 50, 12 and 48 Megapixel Rear camera",£559.00,0,0
1838661,"Motorola Edge 40 Ecliplse Black 6.55"" 256GB 5G Unlocked & SIM Free Smartphone","Android 13 Operating System
Screen: 6.55 Inches
Storage: 256GB
Dual 50 and 13 Megapixel Rear camera",£519.00,£70,0
1850007,"Refurbished Samsung Galaxy Z Flip3 Phantom Black 6.7"" 128GB 5G Unlocked & SIM Free Smartphone","Android 11 Operating System
Screen: 6.7 Inches
Storage: 128GB
Dual 12 Megapixel Rear camera",£349.00,0,0
1751542,"Samsung Galaxy Z Fold4 Phantom Black 7.6"" 512GB 5G Unlocked & SIM Free Smartphone","Android 12 Operating System
Screen: 7.6 Inches
Storage: 512GB
Triple 12, 50 and 10 Megapixel Rear camera",£1189.00,£580,0
1754335,"Samsung Galaxy Z Fold4 Greygreen 7.6"" 512GB 5G Unlocked & SIM Free Smartphone","Android 12 Operating System
Screen: 7.6 Inches
Storage: 512GB
Triple 12, 50 and 10 Megapixel Rear camera",£1189.00,£580,0
1751537,"Samsung Galaxy Z Flip4 Graphite 6.7"" 512GB 5G Unlocked & SIM Free Smartphone","Android 12 Operating System
Screen: 6.7 Inches
Storage: 512GB
Dual 12 Megapixel Rear camera",£799.00,£400,0
1751538,"Samsung Galaxy Z Fold4 Greygreen 7.6"" 256GB 5G Unlocked & SIM Free Smartphone","Android 12 Operating System
Screen: 7.6 Inches
Storage: 256GB
Triple 12, 50 and 10 Megapixel Rear camera",£1049.00,£600,0
1776542,"Nothing Phone 1 Black 6.55"" 128GB / 8GB 5G Dual SIM Unlocked & SIM Free Smartphone","Android 12 Operating System
Screen: 6.55 Inches
Storage: 128GB
Dual 50 Megapixel Rear camera",£309.00,£140,0
1776717,"Nokia G60 5G Black 6.58"" 64GB 5G Unlocked & SIM Free Smartphone","Android 12 Operating System
Screen: 6.58 Inches
Storage: 64GB
Triple 50, 5 and 2 Megapixel Rear camera",£239.00,0,0
1778336,"Apple iPhone 14 Plus Starlight 6.7"" 128GB 5G Unlocked & SIM Free Smartphone","iOS 16 Operating System
Screen: 6.7 Inches
Storage: 128GB
Dual 12 Megapixel Rear camera",£790.97,£158,0
1778342,"Apple iPhone 14 Plus Blue 6.7"" 256GB 5G Unlocked & SIM Free Smartphone","iOS 16 Operating System
Screen: 6.7 Inches
Storage: 256GB
Dual 12 Megapixel Rear camera",£969.00,£90,0
1778343,"Apple iPhone 14 Plus Purple 6.7"" 256GB 5G Unlocked & SIM Free Smartphone","iOS 16 Operating System
Screen: 6.7 Inches
Storage: 256GB
Dual 12 Megapixel Rear camera",£968.97,£90,0
1778346,"Apple iPhone 14 Plus Starlight 6.7"" 512GB 5G Unlocked & SIM Free Smartphone","iOS 16 Operating System
Screen: 6.7 Inches
Storage: 512GB
Dual 12 Megapixel Rear camera",£1081.97,£197,0
1778347,"Apple iPhone 14 Plus Blue 6.7"" 512GB 5G Unlocked & SIM Free Smartphone","iOS 16 Operating System
Screen: 6.7 Inches
Storage: 512GB
Dual 12 Megapixel Rear camera",£1300.97,0,0
1778348,"Apple iPhone 14 Plus Purple 6.7"" 512GB 5G Unlocked & SIM Free Smartphone","iOS 16 Operating System
Screen: 6.7 Inches
Storage: 512GB
Dual 12 Megapixel Rear camera",£1081.97,£197,0
1778329,"Apple iPhone 14 Product Red 6.1"" 256GB 5G Unlocked & SIM Free Smartphone ","iOS 16 Operating System
Screen: 6.1 Inches
Storage: 256GB
Dual 12 Megapixel Rear camera",£790.97,£168,0
1778330,"Apple iPhone 14 Midnight 6.1"" 512GB 5G Unlocked & SIM Free Smartphone","iOS 16 Operating System
Screen: 6.1 Inches
Storage: 512GB
Dual 12 Megapixel Rear camera",£990.97,£188,0
1778331,"Apple iPhone 14 Starlight 6.1"" 512GB 5G Unlocked & SIM Free Smartphone","iOS 16 Operating System
Screen: 6.1 Inches
Storage: 512GB
Dual 12 Megapixel Rear camera",£1089.00,£90,0
1778356,"Apple iPhone 14 Pro Gold 6.1"" 256GB 5G Unlocked & SIM Free Smartphone","iOS 16 Operating System
Screen: 6.1 Inches
Storage: 256GB
Triple 48, 12 and 12 Megapixel Rear camera",£1198.97,0,0
1778361,"Apple iPhone 14 Pro Deep Purple 6.1"" 512GB 5G Unlocked & SIM Free Smartphone","iOS 16 Operating System
Screen: 6.1 Inches
Storage: 512GB
Triple 48, 12 and 12 Megapixel Rear camera",£1195.97,£333,0
1778362,"Apple iPhone 14 Pro Space Black 6.1"" 1TB 5G Unlocked & SIM Free Smartphone","iOS 16 Operating System
Screen: 6.1 Inches
Storage: 1TB
Triple 48, 12 and 12 Megapixel Rear camera",£1396.97,£352,0
1778364,"Apple iPhone 14 Pro Gold 6.1"" 1TB 5G Unlocked & SIM Free Smartphone","iOS 16 Operating System
Screen: 6.1 Inches
Storage: 1TB
Triple 48, 12 and 12 Megapixel Rear camera",£1390.97,£358,0
1778334,"Apple iPhone 14 Product Red 6.1"" 512GB 5G Unlocked & SIM Free Smartphone","iOS 16 Operating System
Screen: 6.1 Inches
Storage: 512GB
Dual 12 Megapixel Rear camera",£882.97,£296,0
1780120,"GRADE A1 - Samsung Galaxy S22 Green 6.1"" 256GB 5G Unlocked & SIM Free Smartphone","Android 12 Operating System
Screen: 6.1 Inches
Storage: 256GB
10 Megapixel Rear camera",£554.83,£44,0
1780247,"Motorola Edge 30 Ultra Interstellar Black 6.67"" 256GB 5G Unlocked & SIM Free Smartphone","Android 12 Operating System
Screen: 6.67 Inches
Storage: 256GB
Triple 200, 50 and 12 Megapixel Rear camera",£689.00,£61,1
1778551,"Motorola Edge 30 Neo Black Onyx 6.28"" 128GB 5G Unlocked & SIM Free Smartphone","Android 12 Operating System
Screen: 6.28 Inches
Storage: 128GB
Dual 64 and 13 Megapixel Rear camera",£329.00,£21,0
1781386,"Sony Xperia 5 IV Black 6.1"" 128GB 5G Unlocked & SIM Free Smartphone","Android 12 Operating System
Screen: 6.1 Inches
Storage: 128GB
Triple 12 Megapixel Rear camera",£849.00,£100,0
1781387,"Sony Xperia 5 IV Green 6.1"" 128GB 5G Unlocked & SIM Free Smartphone","Android 12 Operating System
Screen: 6.1 Inches
Storage: 128GB
Triple 12 Megapixel Rear camera",£849.00,£100,0
1800918,"Samsung Galaxy Z Flip4 Pink Gold 6.7"" 512GB 5G Unlocked & SIM Free Smartphone","Android 12 Operating System
Screen: 6.7 Inches
Storage: 512GB
Dual 12 Megapixel Rear camera",£799.00,£400,0
1785941,"Motorola Razr 2022 Quartz Black 6.7"" 256GB 5G Unlocked & SIM Free Smartphone","Android 12 Operating System
Screen: 6.7 Inches
Storage: 256GB
Dual 50 and 13 Megapixel Rear camera",£889.00,£61,0
1788148,"Doro 1380 Red 2.4"" 8MB 2G Dual SIM Unlocked & SIM Free Mobile Phone","Operating System: Other
2.4 inches Screen
8MB Storage
0.3 Megapixel Rear camera",£39.97,0,1
1794694,"Doro 1380 Black 2.4"" 8MB 2G Dual SIM Unlocked & SIM Free Mobile Phone","Operating System: Other
2.4 inches Screen
8MB Storage
0.3 Megapixel Rear camera",£39.97,0,0
1829083,"Samsung Galaxy A34 Awesome Lime 6.6"" 256GB 5G Unlocked & SIM Free Smartphone","Android 13 Operating System
Screen: 6.6 Inches
Storage: 256GB
Triple 48, 8 and 5 Megapixel Rear camera",£339.00,£60,0
1822548,"Motorola Moto G23 Matte Charcoal 6.5"" 128GB 4G Unlocked & SIM Free Smartphone","Android 13 Operating System
Screen: 6.5 Inches
Storage: 128GB
Triple 50, 5 and 2 Megapixel Rear camera",£199.97,0,0
1826941,Redmi 12C Graphite Gray 3GB RAM 32GB ROM,"Outstanding 50MP main camera
MediaTek Helio G85 - smooth like never before
High capacity to meet your needs
Large 6.71"" HD+ display - immersive viewing experience
Reading mode - makes screen light gentler on the eyes",£129.97,0,0
1822542,"Motorola Moto G13 Lavender Blue 6.5"" 128GB 4G Unlocked & SIM Free Smartphone","Android 13 Operating System
Screen: 6.5 Inches
Storage: 128GB
Triple 50, 2 and 2 Megapixel Rear camera",£138.97,£11,1
1821018,"TCL 403 Prime Black 6"" 32GB 4G Unlocked & SIM Free Smartphone","Android 12 Operating System
Screen: 6 Inches
Storage: 32GB
8 Megapixel Rear camera",£59.00,£22,0
1818774,"Samsung Galaxy S23+ Cream 6.6"" 512GB 5G Unlocked & SIM Free Smartphone","Android 13 Operating System
Screen: 6.6 Inches
Storage: 512GB
Triple 12, 50 and 10 Megapixel Rear camera",£899.00,£250,102
1800927,"Samsung Galaxy Z Flip4 Blue 6.7"" 512GB 5G Unlocked & SIM Free Smartphone","Android 12 Operating System
Screen: 6.7 Inches
Storage: 512GB
Dual 12 Megapixel Rear camera",£799.00,£400,0
1801188,"Refurbished Google Pixel 6 Pro Cloudy White 6.7"" 128GB 5G Unlocked & SIM Free Smartphone","Android 12 Operating System
Screen: 6.7 Inches
Storage: 128GB
Triple 50, 48 and 12 Megapixel Rear camera",£349.00,0,0
1801189,"Refurbished Google Pixel 6 Pro Sorta Sunny 6.7"" 128GB 5G Unlocked & SIM Free Smartphone","Android 12 Operating System
Screen: 6.7 Inches
Storage: 128GB
Triple 50, 48 and 12 Megapixel Rear camera",£349.00,0,0
1801196,"Refurbished OPPO Reno 8 Pro Glazed Black 6.7"" 256GB 5G Unlocked & SIM Free Smartphone","Android 12 Operating System
Screen: 6.7 Inches
Storage: 256GB
Triple 50, 8 and 2 Megapixel Rear camera",£349.00,0,0
1801211,"Refurbished Sony Xperia 10 III Black 6"" 128GB 5G Unlocked & SIM Free Smartphone","Android 11 Operating System
Screen: 6 Inches
Storage: 128GB
Triple 12, 8 and 8 Megapixel Rear camera",£279.00,£170,0
1801212,"Refurbished Honor Magic4 Pro Black 6.81"" 256GB 5G Unlocked & SIM Free Smartphone","Android 12 Operating System
Screen: 6.81 Inches
Storage: 256GB
Triple 50, 50 and 64 Megapixel Rear camera",£449.00,£150,0
1801213,"Refurbished Honor Magic4 Pro Cyan 6.81"" 256GB 5G Unlocked & SIM Free Smartphone","Android 12 Operating System
Screen: 6.81 Inches
Storage: 256GB
Triple 50, 50 and 64 Megapixel Rear camera",£449.00,£150,0
1801215,"Refurbished OPPO Find X5 White 6.55"" 256GB 5G Unlocked & SIM Free Smartphone","Android 12 Operating System
Screen: 6.55 Inches
Storage: 256GB
Triple 50, 50 and 13 Megapixel Rear camera",£399.00,£150,0
1802679,"Refurbished Doro 7010 Graphite 2.8"" 512MB 4G Unlocked & SIM Free Mobile Phone","Unlocked SIM Free
4G Ready For Ultra Fast Network Speeds
3 Megapixel Rear Camera
2.8"" QVGA Display
MediaTek MT6731 Processor + 512MB of Ram",£23.58,£50,0
1810570,"Refurbished Doro 8050 Grey 5.45"" 16GB 4G Unlocked & SIM Free Smartphone","Android 9.0 Pie Operating System
Screen: 5.45 Inches
Storage: 16GB
13 Megapixel Rear camera",£99.84,£49,0
1816103,"Motorola ThinkPhone Carbon Black 6.6"" 256GB 5G Unlocked & SIM Free Smartphone","Android 13 Operating System
Screen: 6.6 Inches
Storage: 256GB
Triple 50, 13 and 2 Megapixel Rear camera",£889.00,0,0
1524046,"Apple iPhone 11 Slim Pack Black 6.1"" 64GB 4G Unlocked & SIM Free Smartphone","iOS 13 Operating System
Screen: 6.1 Inches
Storage: 64GB
Dual 12 Megapixel Rear camera",£449.00,0,4
1522230,"Apple iPhone 12 Black 6.1"" 128GB 5G Unlocked & SIM Free Smartphone","iOS 14 Operating System
Screen: 6.1 Inches
Storage: 128GB
Dual 12 Megapixel Rear camera",£638.97,£60,0
1778380,"Apple iPhone 14 Pro Max Gold  6.7"" 1TB 5G Unlocked & SIM Free Smartphone","iOS 16 Operating System
Screen: 6.1 Inches
Storage: 1TB
Triple 48, 12 and 12 Megapixel Rear camera",£1464.97,£284,0
1778350,"Apple iPhone 14 Pro Space Black 6.1"" 128GB 5G Unlocked & SIM Free Smartphone","iOS 16 Operating System
Screen: 6.1 Inches
Storage: 128GB
Triple 48, 12 and 12 Megapixel Rear camera",£1088.97,0,0
1778377,"Apple iPhone 14 Pro Max Deep Purple 6.7"" 512GB 5G Unlocked & SIM Free Smartphone","iOS 16 Operating System
Screen: 6.1 Inches
Storage: 512GB
Triple 48, 12 and 12 Megapixel Rear camera",£1269.97,£359,0
1778373,"Apple iPhone 14 Pro Max Deep Purple 6.7"" 256GB 5G Unlocked & SIM Free Smartphone","iOS 16 Operating System
Screen: 6.7 Inches
Storage: 256GB
Triple 48, 12 and 12 Megapixel Rear camera",£1298.97,£110,0
1822546,"Motorola Moto E13 Cosmic Black 6.5"" 64GB 4G Unlocked & SIM Free Smartphone","Android 13 Operating System
Screen: 6.5 Inches
Storage: 64GB
13 Megapixel Rear camera",£88.97,0,1
1522225,"Apple iPhone 12 Black 6.1"" 64GB 5G Unlocked & SIM Free Smartphone","iOS 14 Operating System
Screen: 6.1 Inches
Storage: 64GB
Dual 12 Megapixel Rear camera",£598.97,£50,4
1652842,"Apple iPhone 13 Midnight 6.1"" 128GB 5G Unlocked & SIM Free Smartphone","iOS 15 Operating System
Screen: 6.1 Inches
Storage: 128GB
Dual 12 Megapixel Rear camera",£698.97,£80,3
1705481,"Alcatel 10.68 Volcano Black 1.8"" 2G Unlocked & SIM Free Mobile Phone","Operating System: Other
1.8 inches Screen
4MB Storage
0.08 Megapixel Rear camera",£19.97,0,0
1705480,"Alcatel 20.20 Metallic Grey 2.4"" 2G Unlocked & SIM Free Mobile Phone","Other Operating System
Screen: 2.4 inches
Storage: 16MB
0.3 Megapixel Rear camera",£30.97,0,0
1652845,"Apple iPhone 13 Product Red 6.1"" 128GB 5G Unlocked & SIM Free Smartphone","iOS 15 Operating System
Screen: 6.1 Inches
Storage: 128GB
Dual 12 Megapixel Rear camera",£698.97,£80,0
1522233,"Apple iPhone 12 Blue 6.1"" 128GB 5G Unlocked & SIM Free","iOS 14 Operating System
Screen: 6.1 Inches
Storage: 128GB
Dual 12 Megapixel Rear camera",£639.97,0,0
1778379,"Apple iPhone 14 Pro Max Silver  6.7"" 1TB 5G Unlocked & SIM Free Smartphone","iOS 16 Operating System
Screen: 6.1 Inches
Storage: 1TB
Triple 48, 12 and 12 Megapixel Rear camera",£1495.97,£253,0
1778366,"Apple iPhone 14 Pro Max Space Black 6.7"" 128GB 5G Unlocked & SIM Free Smartphone","iOS 16 Operating System
Screen: 6.1 Inches
Storage: 128GB
Triple 48, 12 and 12 Megapixel Rear camera",£1129.00,£170,0
1778332,"Apple iPhone 14 Blue 6.1"" 512GB 5G Unlocked & SIM Free Smartphone","iOS 16 Operating System
Screen: 6.1 Inches
Storage: 512GB
Dual 12 Megapixel Rear camera",£803.97,£375,0
1778326,"Apple iPhone 14 Starlight 6.1"" 256GB 5G Unlocked & SIM Free Smartphone ","iOS 16 Operating System
Screen: 6.1 Inches
Storage: 256GB
Dual 12 Megapixel Rear camera",£815.97,£143,0
1778323,"Apple iPhone 14 Purple 6.1"" 128GB 5G Unlocked & SIM Free Smartphone","iOS 16 Operating System
Screen: 6.1 Inches
Storage: 128GB
Dual 12 Megapixel Rear camera",£755.97,£93,2
1778365,"Apple iPhone 14 Pro Deep Purple 6.1"" 1TB 5G Unlocked & SIM Free Smartphone","iOS 16 Operating System
Screen: 6.1 Inches
Storage: 1TB
Triple 48, 12 and 12 Megapixel Rear camera",£1395.97,£353,0
1778357,"Apple iPhone 14 Pro Deep Purple 6.1"" 256GB 5G Unlocked & SIM Free Smartphone","iOS 16 Operating System
Screen: 6.1 Inches
Storage: 256GB
Triple 48, 12 and 12 Megapixel Rear camera",£1198.97,0,0
1778358,"Apple iPhone 14 Pro Space Black 6.1"" 512GB 5G Unlocked & SIM Free Smartphone","iOS 16 Operating System
Screen: 6.1 Inches
Storage: 512GB
Triple 48, 12 and 12 Megapixel Rear camera",£1195.97,£303,0
1821016,"TCL 40 SE Dark Grey 6.75"" 128GB 4G Unlocked & SIM Free Smartphone","Android 13 Operating System
Screen: 6.6 Inches
Storage: 128GB
Triple 50, 2 and 2 Megapixel Rear camera",£119.00,£22,0
1522226,"Apple iPhone 12 White 6.1"" 64GB 5G Unlocked & SIM Free","iOS 14 Operating System
Screen: 6.1 Inches
Storage: 64GB
Dual 12 Megapixel Rear camera",£609.97,£39,0
1522228,"Apple iPhone 12 Blue 6.1"" 64GB 5G Unlocked & SIM Free Smartphone","iOS 14 Operating System
Screen: 6.1 Inches
Storage: 64GB
Dual 12 Megapixel Rear camera",£596.97,£52,0
1483551,"Doro 6040 Black 2.8"" 2G Dual SIM Unlocked & SIM Free Mobile Phone","Operating System: Other
2.8 Inches Screen
2GB Storage
2 Megapixel Rear camera",£52.97,£22,0
1707904,"Apple iPhone SE 3rd Gen Midnight 4.7"" 64GB 5G Unlocked & SIM Free Smartphone","iOS 15 Operating System
Screen: 4.7 Inches
Storage: 64GB
12 Megapixel Rear camera",£428.97,£30,0
1707906,"Apple iPhone SE 3rd Gen Product Red 4.7"" 64GB 5G Unlocked & SIM Free Smartphone","iOS 15 Operating System
Screen: 4.7 Inches
Storage: 64GB
12 Megapixel Rear camera",£449.97,0,0
1707907,"Apple iPhone SE 3rd Gen Midnight 4.7"" 128GB 5G Unlocked & SIM Free Smartphone","iOS 15 Operating System
Screen: 4.7 Inches
Storage: 128GB
12 Megapixel Rear camera",£483.97,0,0
1700868,"Nokia G21 Nordic Blue 6.5"" 64GB 4G Unlocked & SIM Free Smartphone","Android 11 Operating System
Screen: 6.5 Inches
Storage: 64GB
Triple 50, 2 and 2 Megapixel Rear camera",£115.97,£44,0
1695567,"Nokia 110 4G Black 1.8"" 128MB 4G Unlocked & SIM Free Mobile Phone","Operating System: Other
1.8 inches Screen
128MB Storage
0.08 Megapixel Rear camera",£34.97,£5,0
1711695,"Samsung Galaxy A03 Black 6.5"" 64GB 4G Unlocked & SIM Free Smartphone","Android 11 Operating System
Storage: 64GB
Dual 48 and 2 Megapixel Rear camera",£148.97,0,1
1522235,"Apple iPhone 12 Black 6.1"" 256GB 5G Unlocked & SIM Free","iOS 14 Operating System
Screen: 6.1 Inches
Storage: 256GB
Dual 12 Megapixel Rear camera",£640.97,£118,0
1524047,"Apple iPhone 11 Black 6.1"" 128GB 4G Unlocked & SIM Free","iOS 13 Operating System
Screen: 6.1 Inches
Storage: 128GB
Dual 12 Megapixel Rear camera",£488.97,0,0
1528885,"Apple iPhone 11 White 6.1"" 128GB 4G Unlocked & SIM Free","iOS 13 Operating System
Screen: 6.1 Inches
Storage: 128GB
Dual 12 Megapixel Rear camera",£490.97,£32,0
1652843,"Apple iPhone 13 Starlight 6.1"" 128GB 5G Unlocked & SIM Free Smartphone","iOS 15 Operating System
Screen: 6.1 Inches
Storage: 128GB
Dual 12 Megapixel Rear camera",£698.97,£80,0
1652862,"Apple iPhone 13 Mini Midnight 5.4"" 256GB 5G Unlocked & SIM Free Smartphone","iOS 15 Operating System
Screen: 5.4 Inches
Storage: 256GB
Dual 12 Megapixel Rear camera",£710.97,£48,0
1604921,"Samsung Galaxy Z Flip3 5G Phantom Black 6.7"" 128GB 5G Unlocked & SIM Free Smartphone","Android 11 Operating System
Screen: 6.7 Inches
Storage: 128GB
Dual 12 Megapixel Rear camera",£499.00,£100,3
1822547,"Motorola Moto E13 Creamy White 6.5"" 64GB 4G Unlocked & SIM Free Smartphone","Android 13 Operating System
Screen: 6.5 Inches
Storage: 64GB
13 Megapixel Rear camera",£88.97,0,0
1783494,"Nokia X30 5G Cloudy Blue 6.43"" 128GB 5G Unlocked & SIM Free Smartphone","Android 12 Operating System
Screen: 6.43 Inches
Storage: 128GB
Dual 50 and 13 Megapixel Rear camera",£347.97,£52,0
1852696,"Honor X6A Cyan Lake 6.56"" 128GB 4G Unlocked & SIM Free Smartphone ","Android 13 Operating System
Screen: 6.56 Inches
Storage: 128GB
Triple 50, 2 and 2 Megapixel Rear camera",£129.00,0,0
1832168,"Nokia C32 Autumn Green 6.5"" 64GB 4G Unlocked & SIM Free Smartphone","Android 13 Operating System
Screen: 6.517 Inches
Storage: 64GB
Dual 50 and 2 Megapixel Rear camera",£118.97,£50,0
1832169,"Nokia C32 Beach Pink 6.5"" 64GB 4G Unlocked & SIM Free Smartphone","Android 13 Operating System
Screen: 6.517 Inches
Storage: 64GB
Dual 50 and 2 Megapixel Rear camera",£118.97,£19,0
1829394,"Nokia C02 Charcoal 5.45"" 32GB 4G Unlocked & SIM Free Smartphone","Android 12 Operating System
Screen: 5.45 Inches
Storage: 32GB
5 Megapixel Rear camera",£72.97,£17,0
1829396,"Nokia C12 Dark Cyan 6.3"" 64GB 4G Unlocked & SIM Free Smartphone","Android 12 Operating System
Screen: 6.3 Inches
Storage: 64GB
8 Megapixel Rear camera",£88.97,£11,0
1829397,"Nokia C12 Charcoal 6.3"" 64GB 4G Unlocked & SIM Free Smartphone","Android 12 Operating System
Screen: 6.3 Inches
Storage: 64GB
8 Megapixel Rear camera",£88.97,£11,0
1852695,"Honor X6A Midnight Black 6.56"" 128GB 4G Unlocked & SIM Free Smartphone ","Android 13 Operating System
Screen: 6.56 Inches
Storage: 128GB
Triple 50, 2 and 2 Megapixel Rear camera",£129.00,0,0
1849953,"Sony Xperia 10 V Black 6.1"" 128GB 5G Unlocked & SIM Free Smartphone","Android 13 Operating System
Screen: 6.1 Inches
Storage: 128GB
48, 8 and 8 Megapixel Rear camera",£406.97,0,0
1849954,"Sony Xperia 10 V Lavender 6.1"" 128GB 5G Unlocked & SIM Free Smartphone","Android 13 Operating System
Screen: 6.1 Inches
Storage: 128GB
48, 8 and 8 Megapixel Rear camera",£406.97,0,0
